{"cameraMode":{"drawMode":0,"name":"Shaded","section":"Shading Mode"},"sceneLighting":true,"audioPlay":false,"sceneViewState":{"m_AlwaysRefresh":false,"showFog":true,"showSkybox":true,"showFlares":true,"showImageEffects":true,"showParticleSystems":true,"showVisualEffectGraphs":true,"m_FxEnabled":true},"in2DMode":false,"pivot":{"x":154.74090576171876,"y":-84.5674057006836,"z":0.18756103515625},"rotation":{"x":0.009708075784146786,"y":0.9704564213752747,"z":-0.23780527710914613,"w":0.03961753100156784},"size":139.75430297851563,"orthographic":false}