{"cameraMode":{"drawMode":0,"name":"Shaded","section":"Shading Mode"},"sceneLighting":true,"audioPlay":false,"sceneViewState":{"m_AlwaysRefresh":false,"showFog":true,"showSkybox":true,"showFlares":true,"showImageEffects":true,"showParticleSystems":true,"showVisualEffectGraphs":true,"m_FxEnabled":true},"in2DMode":false,"pivot":{"x":139.7499237060547,"y":8.448115348815918,"z":165.99069213867188},"rotation":{"x":-0.00308068934828043,"y":-0.9883431196212769,"z":0.15089008212089539,"w":-0.020172476768493654},"size":11.715067863464356,"orthographic":false}