{"cameraMode":{"drawMode":0,"name":"Shaded","section":"Shading Mode"},"sceneLighting":true,"audioPlay":false,"sceneViewState":{"m_AlwaysRefresh":false,"showFog":true,"showSkybox":true,"showFlares":true,"showImageEffects":true,"showParticleSystems":true,"showVisualEffectGraphs":true,"m_FxEnabled":true},"in2DMode":false,"pivot":{"x":154.62928771972657,"y":15.04055118560791,"z":171.91943359375},"rotation":{"x":0.027735261246562005,"y":0.9616109132766724,"z":-0.25159019231796267,"w":0.10600750893354416},"size":28.560104370117189,"orthographic":false}